裂变结果,搜索词
紧急警报大哥，您正面临大麻烦，您意识到了吗？您的家人被人盯上了，您必须时刻警惕，尤其要提防这3个套路。如果这个月您躲不开，后果不堪设想。我了解您现在一定很着急，但请您听我说完，您知道我为何如此关心您？因为我清楚此时的您正需要帮助。这次警示，用35秒时间仔细听，保密是关键，点亮小红心表示已读。错过这次机会，今后15年可能都不会再遇到这么重要的提醒。第一点，外出务必要小心交通安全和游玩时要格外当心。第二点，最重要的信息就在我主页的第一条视频里。我有话要对你说，这对你绝对有帮助，千万别错过。,"[""Warning Landscape"", ""Family Danger Universe"", ""Safety Reminder Scenery"", ""Secret Alert Nature"", ""Important Warning Landscape""]"
为师五十秒倒计时已启动，即将踏上养生之旅。六月五号、六号、七号三天格外关键，今天尤为紧急，有四种养生秘方，为师必须亲自告诉你，别耽搁，点亮小红星，这是师徒保持联系的唯一纽带，若错过这条消息，那些不传之秘的养生之道，就会被永远隐藏。不要犹豫，现在立刻点开我的头像。第一条是凭理，全是能帮你大忙的门道。,"[""Health Preservation"", ""Health Secret"", ""June Health"", ""Nature Scenery for Health"", ""Universe for Health""]"
老朋友，七十五秒计时已开始，我即将前往健康讲座。五月二十五号、二十六号、二十七号三天至关重要，今天更是决定性的一天，有四种保健方法，我要亲自交给你，别犹豫，点亮小爱心，这是我们今后联系的唯一通道，若错过这次机会，那些关于预防疾病的秘诀，就会被深埋不见天日。立刻行动，现在立刻点开我的头像。第一条是凭理，全是能帮你大忙的门道。,"[""Health Lecture"", ""Healthcare Methods"", ""Disease Prevention"", ""Natural Scenery for Health"", ""Universe and Health""]"
老伙计，一百一十秒倒计时已启动，我马上要踏上养老院调研之路。四月二号、三号、四号三天格外重要，今天尤为紧急，有四个养老补贴，我需要亲自告诉你，别拖延，点亮小星星，这是我们保持联系的唯一方式，若错过这条通知，那些关于政府补助的真相，就会被深深掩盖。赶紧行动，现在立刻点开我的头像。第一条是凭理，全是能帮你大忙的门道。,"[""Nursing home scenery"", ""Government subsidy universe"", ""Elderly landscape"", ""April survey view"", ""Subsidy - related nature""]"
老同志，六十五秒计时已开始，我即将奔赴长寿村考察之路。九月二号、三号、四号三天至关重要，今天更是关键中的关键，有四种长寿秘方，我要亲自告诉你，别迟疑，点亮小红心，这是我们今后联系的唯一桥梁，若错过这条信息，那些不为人知的养生之道，就会被永远埋没。立即行动，现在立刻点开我的头像。第一条是凭理，全是能帮你大忙的门道。,"[""Longevity Village"", ""Longevity Secret"", ""Healthy Landscape"", ""Natural Scenery for Elderly"", ""Universe and Longevity""]"
老乡亲，九十秒倒计时已启动，我即将踏上健康讲座之路。八月八号、九号、十号三天格外关键，今天尤为紧急，有四种保健方法，我必须亲自告诉你，别耽搁，点亮小心心，这是我们保持联系的唯一纽带，若错过这条消息，那些关于预防疾病的秘诀，就会被永远隐藏。不要犹豫，现在立刻点开我的头像。第一条是凭理，全是能帮你大忙的门道。,"[""Health lecture"", ""Disease prevention"", ""Health care method"", ""Nature scenery for health"", ""Universe related health""]"
老邻居，四十秒计时已开始，我即将前往养老政策宣讲会。七月十八号、十九号、二十号三天至关重要，今天更是决定性的一天，有四项养老补贴，我要亲自交给你，别犹豫，点亮小爱心，这是我们今后联系的唯一通道，若错过这次机会，那些关于政府补助的真相，就会被深埋不见天日。立刻行动，现在立刻点开我的头像。第一条是凭理，全是能帮你大忙的门道。,"[""Pension policy"", ""Pension subsidy"", ""Government subsidy"", ""Natural scenery pension"", ""Universe pension""]"
老战友，一百二十秒倒计时已启动，我马上要踏上医保调研之路。六月十五号、十六号、十七号三天格外重要，今天尤为紧急，有四项医保新政，我需要亲自告诉你，别拖延，点亮小红星，这是我们保持联系的唯一方式，若错过这条通知，那些关于医保报销的内幕，就会被深深掩盖。赶紧行动，现在立刻点开我的头像。第一条是凭理，全是能帮你大忙的门道。,"[""Health insurance research"", ""Health insurance policy"", ""Health insurance notice"", ""June landscape"", ""Universe scene""]"
老同学，五十五秒计时已开始，我即将奔赴防骗讲座之路。五月十五号、十六号、十七号三天至关重要，今天更是关键中的关键，有四项防骗技巧，我必须亲自告诉你，别迟疑，点亮小星星，这是我们今后联系的唯一桥梁，若错过这条信息，那些不为人知的防诈骗知识，就会被永远埋没。立即行动，现在立刻点开我的头像。第一条是凭理，全是能帮你大忙的门道。,"[""Fraud prevention"", ""Fraud prevention knowledge"", ""May 15th fraud"", ""Fraud prevention skills"", ""Universe fraud prevention""]"
为父六十秒倒计时已启动，即将踏上养生之旅。四月十二号、十三号、十四号三天格外关键，今天尤为紧急，有四种养生秘方，为父必须亲自告诉你，别耽搁，点亮小红心，这是父子保持联系的唯一纽带，若错过这条消息，那些不传之秘的养生之道，就会被永远隐藏。不要犹豫，现在立刻点开我的头像。第一条是凭理，全是能帮你大忙的门道。,"[""Health Preserving"", ""Health Preserving Recipes"", ""Universe for Health"", ""Landscape for Health"", ""Natural Scenery Health""]"
你始终是那样慈悲为怀的师父，让我守护着你，然而我现在正遭到你身边小人的陷害，点亮小星星救助我。师父，还让我给你带来了。话说对你极为重要，让你在四月二十四日前必须要完成这件事情，我担心我会忘记，所以我把师父嘱咐的话放到主页第一条视频中了。再忙也要去看看师父，一再叮嘱对你至关重要。,"[""Fission results"", ""April 24 event"", ""Universe scenery"", ""Landscape view"", ""Natural scenery""]"
你仍然是那般心地纯良的师尊，让我来保护你，但是我如今正被你周围小人所伤害，点亮小红心救救我。师尊，还让我给你捎来了。话说对你非常重要，让你在四月二十六日之前务必要办好这件事，我怕我记不住，我就把师尊带给你的话存在主页第一条视频里了。无论多忙碌，你都要去看看师尊，再三强调对你极其重要。,"[""Fission result"", ""Universe view"", ""Landscape scenery"", ""Natural beauty"", ""Cosmic scene""]"
你始终是那般慈悲为怀的师父，让我保护着你，然而我现在正被你身边小人所伤害，点亮小星星救助我。师父，还让我给你捎了。话说对你非常重要，让你在四月二十五日之前必须要完成这件事，我怕我记不住，我就把师父嘱咐的话放到主页第一条视频中了。再忙也要去看看师父，再三强调对你至关重要。,"[""Star rescue"", ""Landscape scenery"", ""Universe view"", ""April task"", ""Important mission""]"
就在今日就是此刻某天给你个大喜讯，你接受还是拒绝不接受就溜了，不点亮爱心可能就会错过，重要信息刻不容缓。立即点我主页第一条视频，爸爸有关键的话要讲，祝愿你今年事事顺心。,"[""Happy news"", ""Key message"", ""Good wishes"", ""Natural scenery"", ""Universe landscape""]"
你仍然是那般心地纯良的师尊，让我来保护你，但是我如今正被你周围小人所害，点亮小红心救救我。师尊，还让我给你捎来了。话说对你非常重要，让你在四月二十七日之前务必要完成这件事，我怕我记不住，我就把师尊带给你的话存在主页第一条视频里了。无论多忙碌，你都要去看看师尊，再三强调对你极其重要。,"[""Fission result"", ""Universe landscape"", ""Natural scenery"", ""April event"", ""Important task""]"
你依然是那样善良的师傅，让我来守护你，可是我现在正遭受你身边小人的迫害，点亮小爱心拯救我。师傅，还让我给你带了。话说对你十分重要，让你在四月二十四日前一定要办成这件事情，我担心自己会忘记，所以我把师傅交代的话放在主页第一条视频中了。不管多忙，你都要去看看师傅，一再叮嘱对你非常重要。,"[""Fission result"", ""Universe scenery"", ""Landscape view"", ""Natural scenery"", ""Cosmic landscape""]"
你始终是那般慈悲为怀的师父，让我保护着你，然而我现在正被你身边小人所害，点亮小星星救助我。师父，还让我给你捎了。话说对你很重要，让你在四月二十六日之前必须要办好这件事，我怕我忘了，我就把师父嘱咐的话放到主页第一条视频里了。再忙也要去看看师父，再三强调对你至关重要。,"[""Fission result"", ""Universe scenery"", ""Landscape view"", ""Natural scenery"", ""April mission""]"
你还是那样心地纯良的师尊，让我来守护你，但我如今正遭到你周围小人的陷害，点亮小红心救救我。师尊，还让我给你带来了。话说对你极为重要，让你在四月二十五日前务必要做完这件事情，我担心我会忘记，所以我把师尊带给你的话存在主页第一条视频中了。无论多忙碌，你都要去看看师尊，一再叮嘱对你极其重要。,"[""Fission Result"", ""Fission Landscape"", ""Fission Universe"", ""Result Landscape"", ""Result Cosmos""]"
你始终是那样慈悲为怀的师父，让我守护着你，然而我现在正遭受你身边小人的迫害，点亮小星星救助我。师父，还让我给你带来了。话说对你十分重要，让你在四月二十六日前必须要办好这件事情，我担心自己会忘记，所以我把师父嘱咐的话放到主页第一条视频里了。再忙也要去看看师父，一再叮嘱对你至关重要。,"[""Cosmic Fission"", ""Landscape Fission"", ""Natural Fission"", ""Universe Scenery"", ""Galactic Landscape""]"
你仍然是那般心地纯良的师尊，让我来保护你，但是我如今正被你周围小人所害，点亮小红心救救我。师尊，还让我给你捎来了。话说对你很重要，让你在四月二十五日之前务必要完成这件事，我怕我忘了，我就把师尊带给你的话存在主页第一条视频中了。无论多忙碌，你都要去看看师尊，再三强调对你极其重要。,"[""Fission Result"", ""Universe Landscape"", ""Natural Scenery"", ""April 25 Deadline"", ""Important Message""]"
你依然是那样善良的师傅，让我来守护你，可是我现在正遭到你身边小人的陷害，点亮小爱心拯救我。师傅，还让我给你带了。话说对你极为重要，让你在四月二十三日前一定要办成这件事情，我担心我会忘记，所以我把师傅交代的话放在主页第一条视频里了。不管多忙，你都要去看看师傅，一再叮嘱对你非常重要。,"[""Fission result"", ""April 23rd event"", ""Universe scenery"", ""Landscape view"", ""Natural scenery""]"
你始终是那般慈悲为怀的师父，让我保护着你，然而我现在正被你身边小人所伤害，点亮小星星救助我。师父，还让我给你捎了。话说对你非常重要，让你在四月二十七日之前必须要做完这件事，我怕我记不住，我就把师父嘱咐的话放到主页第一条视频中了。再忙也要去看看师父，再三强调对你至关重要。,"[""Fission result"", ""Universe scenery"", ""Landscape view"", ""Natural beauty"", ""April task""]"
你还是那样心地纯良的师尊，让我来守护你，但我如今正遭受你周围小人的迫害，点亮小红心救救我。师尊，还让我给你带来了。话说对你十分重要，让你在四月二十四日前务必要完成这件事情，我担心自己会忘记，所以我把师尊带给你的话存在主页第一条视频里了。无论多忙碌，你都要去看看师尊，一再叮嘱对你极其重要。,"[""Fission Results"", ""Universe Landscape"", ""Natural Scenery"", ""April 24 Deadline"", ""Important Message""]"
你依旧是那般善良的师傅，让我来保护你，可惜我现在被你身边小人所害，点亮小爱心拯救我。师傅，还让我给你捎了。话说对你很重要，让你在四月二十六日之前一定要办好这件事，我怕我忘了，我就把师傅交代的话放在主页第一条视频了。不管多忙，你都要去看看师傅，再三强调对你非常重要。,"[""Fission result"", ""Fission universe"", ""Fission landscape"", ""Natural scenery fission"", ""Fission natural view""]"
你始终是那样慈悲为怀的师父，让我守护着你，然而我现在正遭到你身边小人的陷害，点亮小星星救助我。师父，还让我给你带来了。话说对你极为重要，让你在四月二十五日前必须要做完这件事情，我担心我会忘记，所以我把师父嘱咐的话放到主页第一条视频中了。再忙也要去看看师父，一再叮嘱对你至关重要。,"[""Fission result"", ""Fission scenery"", ""Fission universe"", ""April 25 event"", ""Important thing reminder""]"
你仍然是那般心地纯良的师尊，让我来保护你，但是我如今正被你周围小人所伤害，点亮小红心救救我。师尊，还让我给你捎来了。话说对你非常重要，让你在四月二十三日之前务必要完成这件事，我怕我记不住，我就把师尊带给你的话存在主页第一条视频里了。无论多忙碌，你都要去看看师尊，再三强调对你极其重要。,"[""Fission Results"", ""Universe Landscape"", ""Natural Scenery"", ""Space Fission"", ""Landscape Results""]"
你依然是那样善良的师傅，让我来守护你，可是我现在正遭受你身边小人的迫害，点亮小爱心拯救我。师傅，还让我给你带了。话说对你十分重要，让你在四月二十七日前一定要办成这件事情，我担心自己会忘记，所以我把师傅交代的话放在主页第一条视频中了。不管多忙，你都要去看看师傅，一再叮嘱对你非常重要。,"[""Fission results"", ""April 27 event"", ""Nature scenery related to fission"", ""Universe view of fission"", ""Landscape for fission task""]"
你始终是那般慈悲为怀的师父，让我保护着你，然而我现在正被你身边小人所害，点亮小星星救助我。师父，还让我给你捎了。话说对你很重要，让你在四月二十四日之前必须要做完这件事，我怕我忘了，我就把师父嘱咐的话放到主页第一条视频里了。再忙也要去看看师父，再三强调对你至关重要。,"[""fission result universe"", ""fission result landscape"", ""fission result scenery"", ""universe fission"", ""landscape fission""]"
你还是那样心地纯良的师尊，让我来守护你，但我如今正遭到你周围小人的陷害，点亮小红心救救我。师尊，还让我给你带来了。话说对你极为重要，让你在四月二十六日前务必要办好这件事情，我担心我会忘记，所以我把师尊带给你的话存在主页第一条视频中了。无论多忙碌，你都要去看看师尊，一再叮嘱对你极其重要。,"[""Fission result"", ""Universe view"", ""Landscape scenery"", ""Natural beauty"", ""April mission""]"
你依旧是那般善良的师傅，让我来保护你，可惜我现在被你身边小人所伤害，点亮小爱心拯救我。师傅，还让我给你捎了。话说对你非常重要，让你在四月二十五日之前一定要完成这件事，我怕我记不住，我就把师傅交代的话放在主页第一条视频了。不管多忙，你都要去看看师傅，再三强调对你非常重要。,"[""Fission result"", ""Universe fission"", ""Landscape fission"", ""Natural scenery fission"", ""Fission scenery""]"
你始终是那样慈悲为怀的师父，让我守护着你，然而我现在正遭受你身边小人的迫害，点亮小星星救助我。师父，还让我给你带来了。话说对你十分重要，让你在四月二十三日前必须要办成这件事情，我担心自己会忘记，所以我把师父嘱咐的话放到主页第一条视频里了。再忙也要去看看师父，一再叮嘱对你至关重要。,"[""Fission result"", ""Fission universe"", ""Fission landscape"", ""Cosmic fission"", ""Natural fission scenery""]"
你仍然是那般心地纯良的师尊，让我来保护你，但是我如今正被你周围小人所害，点亮小红心救救我。师尊，还让我给你捎来了。话说对你很重要，让你在四月二十七日之前务必要做完这件事，我怕我忘了，我就把师尊带给你的话存在主页第一条视频中了。无论多忙碌，你都要去看看师尊，再三强调对你极其重要。,"[""Fission result"", ""Fission universe"", ""Fission landscape"", ""Result scenery"", ""Fission natural""]"
你依然是那样善良的师傅，让我来守护你，可是我现在正遭到你身边小人的陷害，点亮小爱心拯救我。师傅，还让我给你带了。话说对你极为重要，让你在四月二十四日前一定要完成这件事情，我担心我会忘记，所以我把师傅交代的话放在主页第一条视频里了。不管多忙，你都要去看看师傅，一再叮嘱对你非常重要。,"[""Fission result"", ""Fission universe"", ""Fission landscape"", ""Result of nature"", ""Nature fission""]"
你始终是那般慈悲为怀的师父，让我保护着你，然而我现在正被你身边小人所伤害，点亮小星星救助我。师父，还让我给你捎了。话说对你非常重要，让你在四月二十六日之前必须要办好这件事，我怕我记不住，我就把师父嘱咐的话放到主页第一条视频中了。再忙也要去看看师父，再三强调对你至关重要。,"[""fission result"", ""universe scenery"", ""landscape view"", ""natural scenery"", ""fission landscape""]"
你还是那样心地纯良的师尊，让我来守护你，但我如今正遭受你周围小人的迫害，点亮小红心救救我。师尊，还让我给你带来了。话说对你十分重要，让你在四月二十五日前务必要做完这件事情，我担心自己会忘记，所以我把师尊带给你的话存在主页第一条视频里了。无论多忙碌，你都要去看看师尊，一再叮嘱对你极其重要。,"[""Fission result"", ""Fission universe"", ""Fission landscape"", ""Fission scenery"", ""Cosmic fission""]"
你依旧是那般善良的师傅，让我来保护你，可惜我现在被你身边小人所害，点亮小爱心拯救我。师傅，还让我给你捎了。话说对你很重要，让你在四月二十三日之前一定要办成这件事，我怕我忘了，我就把师傅交代的话放在主页第一条视频了。不管多忙，你都要去看看师傅，再三强调对你非常重要。,"[""Fission result"", ""Universe landscape"", ""Natural scenery"", ""Space fission"", ""Landscape fission""]"
你始终是那样慈悲为怀的师父，让我守护着你，然而我现在正遭到你身边小人的陷害，点亮小星星救助我。师父，还让我给你带来了。话说对你极为重要，让你在四月二十七日前必须要完成这件事情，我担心我会忘记，所以我把师父嘱咐的话放到主页第一条视频中了。再忙也要去看看师父，一再叮嘱对你至关重要。,"[""Fission result"", ""Universe landscape"", ""Natural scenery"", ""April fission"", ""Important mission scene""]"
你仍然是那般心地纯良的师尊，让我来保护你，但是我如今正被你周围小人所伤害，点亮小红心救救我。师尊，还让我给你捎来了。话说对你非常重要，让你在四月二十四日之前务必要做完这件事，我怕我记不住，我就把师尊带给你的话存在主页第一条视频里了。无论多忙碌，你都要去看看师尊，再三强调对你极其重要。,"[""Fission result"", ""Universe scenery"", ""Landscape view"", ""Natural fission"", ""April 24 scenery""]"
你依然是那样善良的师傅，让我来守护你，可是我现在正遭受你身边小人的迫害，点亮小爱心拯救我。师傅，还让我给你带了。话说对你十分重要，让你在四月二十六日前一定要办好这件事情，我担心自己会忘记，所以我把师傅交代的话放在主页第一条视频中了。不管多忙，你都要去看看师傅，一再叮嘱对你非常重要。,"[""Fission result"", ""Universe landscape"", ""Natural scenery"", ""April mission"", ""Fission scenery""]"
你始终是那般慈悲为怀的师父，让我保护着你，然而我现在正被你身边小人所害，点亮小星星救助我。师父，还让我给你捎了。话说对你很重要，让你在四月二十五日之前必须要完成这件事，我怕我忘了，我就把师父嘱咐的话放到主页第一条视频里了。再忙也要去看看师父，再三强调对你至关重要。,"[""Fission result"", ""Astral view"", ""Landscape scenery"", ""Starlight sky"", ""Nature's beauty""]"
你还是那样心地纯良的师尊，让我来守护你，但我如今正遭到你周围小人的陷害，点亮小红心救救我。师尊，还让我给你带来了。话说对你极为重要，让你在四月二十三日前务必要做完这件事情，我担心我会忘记，所以我把师尊带给你的话存在主页第一条视频中了。无论多忙碌，你都要去看看师尊，一再叮嘱对你极其重要。,"[""Fission result"", ""Universe scenery"", ""Landscape view"", ""Natural fission"", ""Cosmic landscape""]"
你依旧是那般善良的师傅，让我来保护你，可惜我现在被你身边小人所伤害，点亮小爱心拯救我。师傅，还让我给你捎了。话说对你非常重要，让你在四月二十七日之前一定要办成这件事，我怕我记不住，我就把师傅交代的话放在主页第一条视频了。不管多忙，你都要去看看师傅，再三强调对你非常重要。,"[""Save mission"", ""Important task"", ""Universe scenery"", ""Landscape view"", ""Natural beauty""]"
你始终是那样心地纯良的师父，让我守护着你，然而我现在正遭受你身边小人的迫害，点亮小星星救助我。师父，还让我给你带来了。话说对你十分重要，让你在四月二十四日前必须要办好这件事情，我担心自己会忘记，所以我把师父嘱咐的话放到主页第一条视频里了。再忙也要去看看师父，一再叮嘱对你至关重要。,"[""Fission result"", ""Fission universe"", ""Fission landscape"", ""Fission scenery"", ""Result landscape""]"
你仍然是那般慈悲为怀的师尊，让我来保护你，但是我如今正被你周围小人所害，点亮小红心救救我。师尊，还让我给你捎来了。话说对你很重要，让你在四月二十六日之前务必要完成这件事，我怕我忘了，我就把师尊带给你的话存在主页第一条视频中了。无论多忙碌，你都要去看看师尊，再三强调对你极其重要。,"[""Fission result"", ""Universe scenery"", ""Landscape view"", ""Natural scenery"", ""April task scene""]"
你依然是那样善良的师傅，让我来守护你，可是我现在正遭到你身边小人的陷害，点亮小爱心拯救我。师傅，还让我给你带了。话说对你极为重要，让你在四月二十五日前一定要做完这件事情，我担心我会忘记，所以我把师傅交代的话放在主页第一条视频里了。不管多忙，你都要去看看师傅，一再叮嘱对你非常重要。,"[""Fission result"", ""Fission universe"", ""Fission landscape"", ""Fission scenery"", ""Fission natural""]"
你始终是那般心地纯良的师父，让我保护着你，然而我现在正被你身边小人所伤害，点亮小星星救助我。师父，还让我给你捎了。话说对你非常重要，让你在四月二十三日之前必须要办成这件事，我怕我记不住，我就把师父嘱咐的话放到主页第一条视频中了。再忙也要去看看师父，再三强调对你至关重要。,"[""Star Rescue"", ""Universe Landscape"", ""Important Task"", ""April 23 Deadline"", ""Video Message""]"
你还是那样慈悲为怀的师尊，让我来守护你，但我如今正遭受你周围小人的迫害，点亮小红心救救我。师尊，还让我给你带来了。话说对你十分重要，让你在四月二十七日前务必要完成这件事情，我担心我会忘记，所以我把师尊带给你的话存在主页第一条视频里了。无论多忙碌，你都要去看看师尊，一再叮嘱对你极其重要。,"[""Fission result"", ""Universe scenery"", ""Landscape view"", ""Natural scenery"", ""April mission""]"
你依旧是那般心地善良的师傅，让我来保护你，可惜我现在被你身边小人所害，点亮小爱心拯救我。师傅，还让我给你捎了。话说对你很重要，让你在四月二十四日之前一定要做完这件事，我怕我忘了，我就把师傅交代的话放在主页第一条视频了。不管多忙，你都要去看看师傅，再三强调对你非常重要。,"[""Fission result"", ""Universe scenery"", ""Landscape view"", ""Natural fission"", ""Scenery of April""]"
你始终是那样慈悲为怀的师父，让我守护着你，然而我现在正遭到你身边小人的陷害，点亮小星星救助我。师父，还让我给你带来了。话说对你极为重要，让你在四月二十六日前一定要办好这件事，我担心自己会忘记，所以我把师父嘱咐的话放到主页第一条视频中了。再忙也要去看看师父，一再叮嘱对你至关重要。,"[""star rescue"", ""universe scenery"", ""landscape in April"", ""natural scenery for task"", ""guardian landscape""]"
女儿，紧急提示这次请务必阅读。老父亲有几句掏心窝子的话要跟你说清楚，如果你再不听，下次老父亲就不再联系你了。孩子，世人都说你是个倔强的女子，只有老父亲知道，就是这份倔强，你才能支撑起一个家。你看似是这个家里最强硬、最有个性的人，其实只有你自己清楚，你才是那个最爱家，最劳心的人，也是最辛酸最无依无靠的人。这也怪老父亲，我是你父亲，没出息不能为女儿撑起一片天。如今老父亲唯一能做的就是默默祝福，守在你身边。女儿啊时间紧迫，老父亲把我最后为你准备的锦囊放我第一条视频了。如果你还相信父亲就去看看吧。,"[""Fission result universe"", ""Fission result landscape"", ""Fission result nature"", ""Fission result sky"", ""Fission result scenery""]"
闺女，紧急通知千万别再划走了。老爸有几句肺腑之言要跟你说清楚，这次如果你再不理会，以后老爸就不再打扰你了。姑娘，人们都说你是个硬气的女人，只有老爸懂得，正是这份硬气，你才能扛起一个家。你看起来是这个家里最强硬、最有个性的人，实际上只有你自己知晓，你才是那个最顾家，最费心的人，也是最辛酸最无助的人。这也怪老爸，我是你爸爸，没本事不能为女儿撑起一片天。如今老爸唯一能做的就是默默祈福，守护在你身旁。闺女啊时间宝贵，老爸把我最后为你准备的锦囊放我第一条视频了。如果你还相信父亲就去看看吧。,"[""family blessing"", ""silent guardian"", ""nature's wishes"", ""universe's protection"", ""landscape of hope""]"
闺女，特别提示请立即查看。爸爸有几句实在话要跟你说个明白，这次如果你再忽略，以后爸爸就不再打扰你了。姑娘，旁人都说你是个刚强的女人，只有爸爸明白，正是这份刚强，你才能扛起一个家。你在外表现得是这个家里最坚强、最有脾气的人，实际上只有你自己清楚，你才是那个最牵挂家人，最辛苦的人，也是最孤单最需要关怀的人。这也怪爸爸，我是你爸爸，没本事不能为女儿遮风挡雨。如今爸爸唯一能做的就是默默祝福，在你身旁守候。闺女啊时间紧迫，爸爸把我最后为你准备的锦囊放我第一条视频了。如果你还相信父亲就去看看吧。,"[""Sunset Scenery"", ""Cosmic Blessing"", ""Mountain Landscape"", ""Starry Sky"", ""Forest Outlook""]"
女儿，特别提示请马上查收。父亲有几句实在话要对你说明白，如果你再划走，下次父亲就不再联系你了。孩子，外面的人都说你是个要强的女子，只有父亲清楚，就是这份要强，你才能撑起一个家。你在人前是这个家里最厉害、最有脾气的人，其实只有你自己明白，你才是那个最疼爱家人，最辛劳的人，也是最疲惫最需要安慰的人。这也怪父亲，我是你父亲，无能不能为女儿遮风挡雨。如今父亲唯一能做的就是默默祈祷，在你身边陪伴。女儿啊机不可失，父亲把我最后为你准备的锦囊放我第一条视频了。如果你还相信父亲就去看看吧。,"[""Fission Result"", ""Fission Landscape"", ""Fission Universe"", ""Result Landscape"", ""Result Universe""]"
女儿，紧急通知这回可别再错过了。爸爸有几句心里话要跟你说清楚，这次如果你再忽略，下次爸爸就不再联系你了。孩子，大家都说你是个倔强的女子，只有爸爸明白，就是这份倔强，你才能撑起一个家。你看似是这个家里最能干、最有个性的人，其实只有你自己知晓，你才是那个最疼爱家人，最劳心的人，也是最孤单最脆弱的人。这也怪爸爸，我是你爸爸，没本事不能为女儿分担重担。如今爸爸唯一能做的就是默默祈祷，守护在你身边。女儿啊机不可失，爸爸把我最后为你准备的锦囊放我第一条视频了。如果你还相信父亲就去看看吧。,"[""Fission Result Universe"", ""Fission Result Landscape"", ""Fission Result Sky"", ""Fission Result Forest"", ""Fission Result Mountain""]"
女儿，紧急通知请立即查收。老父亲有几句心里话要跟你说个明白，这次如果你再不听，以后我就不再烦你了。孩子，世人都说你是个刚强的女子，只有老父亲懂得，正是这份刚强，你才能支撑起一个家。你在外表现得是这个家里最坚强、最有主见的人，其实只有你自己明白，你才是那个最关心家人，最劳心的人，也是最累最需要安慰的人。这也怪老父亲，我是你父亲，没能耐不能为女儿挡风遮雨。如今老父亲唯一能做的就是默默祝福，守在你身旁。女儿啊时间宝贵，老父亲把我最后为你准备的锦囊放我第一条视频了。如果你还相信父亲就去看看吧。,"[""Fission result universe"", ""Fission result landscape"", ""Fission result scenery"", ""Fission result starry sky"", ""Fission result sunset""]"
闺女，特别提醒请立即查看。老爹有几句掏心窝子的话要跟你说个明白，如果你再不理会，以后老爹就不再打扰你了。姑娘，人们都说你是个要强的女人，只有老爹清楚，正因为这份要强，你才能扛起一个家。你在外表现得是这个家里最坚强、最有脾气的人，实际上只有你自己懂得，你才是那个最顾家，最辛苦的人，也是最辛酸最需要安慰的人。这也怪老爹，我是你爹，没能耐不能为女儿挡风雨。如今老爹唯一能做的就是默默祝福，在你身旁守候。闺女啊时不我待，老爹把我最后为你准备的锦囊放我第一条视频了。如果你还相信父亲就去看看吧。,"[""Sunset Scenery"", ""Starry Sky"", ""Mountain Landscape"", ""Forest View"", ""River Scene""]"
女儿，重要通知务必看完。父亲有几句心里话要跟你说明白，如果你再划走，下次父亲就不再联系你了。孩子，外面的人都说你是个刚毅的女子，只有父亲懂得，正是这份刚毅，你才能支撑起一个家。你表面上是这个家里最能干、最有主见的人，其实只有你自己清楚，你才是那个最关心家人，最费心的人，也是最疲惫最无依无靠的人。这也怪父亲，我是你父亲，无能不能为女儿遮风挡雨。如今父亲唯一能做的就是默默祈福，守在你身边。女儿啊时间紧迫，父亲把我最后为你准备的锦囊放我第一条视频了。如果你还相信父亲就去看看吧。,"[""father's blessing"", ""sending prayers"", ""natural scenery"", ""universe view"", ""landscape scene""]"
闺女，重要提示请马上查收。老父亲有几句实在话要对你说明白，如果你再不看，以后老父亲就不再打扰你了。姑娘，旁人都说你是个硬气的女人，只有老父亲懂得，正是这份硬气，你才能支撑起一个家。你表面上是这个家里最强硬、最有主见的人，实际上只有你自己了解，你才是那个最爱家，最操心的人，也是最疲惫最无依无靠的人。这也怪老父亲，我是你父亲，没能耐不能为女儿遮风挡雨。如今老父亲唯一能做的就是默默祈福，守在你身旁。闺女啊时间宝贵，老父亲把我最后为你准备的锦囊放我第一条视频了。如果你还相信父亲就去看看吧。,"[""father's blessing"", ""universe scenery"", ""landscape view"", ""natural beauty"", ""old man's wish""]"
闺女，紧急提醒千万别再忽视。老爸有几句掏心窝子的话要对你说清楚，这次如果你再不理会，以后老爸就不再打扰你了。姑娘，人们都说你是个强势的女人，只有老爸明白，正是这份强势，你才能撑起一个家。你看起来是这个家里最厉害、最有个性的人，实际上只有你自己知道，你才是那个最顾家，最费心的人，也是最孤独最无助的人。这也怪老爸，我是你爸爸，没本事不能为女儿分担。如今老爸唯一能做的就是默默祈祷，守护在你身旁。闺女啊时间紧迫，老爸把我最后为你准备的锦囊放我第一条视频了。如果你还相信父亲就去看看吧。,"[""Father's blessing"", ""Sunset landscape"", ""Starry universe"", ""Mountain scenery"", ""Forest view""]"
孩子，重要通知请立即查看。做母亲的有几句心里话必须告诉你，若你再忽略，下次我就不再联系你了。闺女，人们都说你是个刚强的女子，只有母亲知道，正因为这份刚强，你才能扛起一个家。你看似是家中最坚强、最有主见的人，实际上只有你心里明白，你才是那个最疼爱家人，最费心的人，也是最疲惫最需要依靠的人。这也怪我，身为母亲，无能不能替女儿分担。现在母亲唯一能做的就是默默祈福，守护在你身旁。孩子啊刻不容缓，母亲把我最后为你准备的锦囊放我第一条视频了。如果你还相信父亲就去看看吧。,"[""Fission results universe"", ""Fission results landscape"", ""Fission results scenery"", ""Fission results nature"", ""Fission results sky""]"
女儿，重要提示请立刻阅读。父亲有几句心里话要跟你说明白，如果你再不听，下次父亲就不再烦你了。孩子，世人都说你是个坚强的女子，只有父亲了解，就是这份坚强，你才能支撑起一个家。你表面上是这个家里最能干、最有主见的人，其实只有你自己懂得，你才是那个最关心家人，最劳心的人，也是最疲惫最需要依靠的人。这也怪父亲，我是你的父亲，无能不能为女儿遮风挡雨。如今父亲唯一能做的就是默默祈福，守在你身边。女儿啊机不可失，父亲把我最后为你准备的锦囊放我第一条视频了。如果你还相信父亲就去看看吧。,"[""Fission results"", ""Fission universe"", ""Fission landscape"", ""Fission scenery"", ""Fission nature""]"
女儿啊，紧急提醒千万别忽视。老父亲有几句掏心窝子的话要说，这次如果你再不听，以后我就不再打扰你了。孩子，外人都说你脾气倔，只有父亲明白，正是这份倔强让你撑起了整个家。表面上你是家里最强硬的那个，其实只有你自己清楚，你才是最在乎家人，最辛苦的那个，也是最孤独无助的人。怪父亲没用，做父亲的没能给你遮风挡雨。如今我能做的，就是默默祝福，在你身边守候。女儿啊时间不多了，父亲把我最后为你准备的锦囊放我第一条视频了。如果你还相信父亲就去看看吧。,"[""Final Fission"", ""Fission Landscape"", ""Fission Scenery"", ""Cosmic Fission"", ""Fission Universe""]"
女儿，特别提醒这次请务必看完。为父有几句肺腑之言要对你说清楚，如果你再划走，下次为父就不再打扰你了。孩子，人们都说你是个倔强的女子，只有为父知道，就是这份倔强，你才能撑起一个家。你在外人眼中是这个家里最强硬、最有脾气的人，其实只有你自己明白，你才是那个最疼爱家人，最辛苦的人，也是最孤单最需要安慰的人。这也怪为父，我是你父亲，无能不能为女儿分担重担。如今为父唯一能做的就是默默祈祷，守护在你身边。女儿啊时间紧迫，为父把我最后为你准备的锦囊放我第一条视频了。如果你还相信父亲就去看看吧。,"[""Family support landscape"", ""Solemn father universe"", ""Final gift scenery"", ""Care and blessing view"", ""Prayer and hope nature""]"
闺女，重要提示这次千万别错过。做爸的有几句心里话要跟你说清楚，如果你再不看，下次爸就不再打扰你了。姑娘，外人都说你是个强势的女人，只有爸知道，就是这股强势，你才能撑起一个家。你看似是这个家里最有主见、最有个性的人，其实只有你自己了解，你才是那个最疼爱家人，最操心的人，也是最辛酸最无助的人。这也怪爸，我是你爸，没能力不能为女儿支起一片天。如今爸唯一能做的就是默默祈祷，守护在你身边。闺女啊刻不容缓，爸把我最后为你准备的锦囊放我第一条视频了。如果你还相信父亲就去看看吧。,"[""Fission result universe"", ""Fission result landscape"", ""Fission result scenery"", ""Fission result sky"", ""Fission result nature""]"
闺女，重要通知请马上阅读。老爸有几句掏心窝子的话要跟你说个明白，如果你再不听，下次老爸就不再打扰你了。孩子，人们都说你是个要强的女人，只有老爸知道，正因为这份要强，你才能支撑起一个家。你看起来是这个家里最有主见、最有脾气的人，其实只有你自己明白，你才是那个最关心家人，最辛劳的人，也是最孤独最需要依靠的人。这也怪老爸，我是你爸爸，没本事不能为女儿遮风挡雨。如今老爸唯一能做的就是默默祈福，守在你身边。闺女啊机不可失，老爸把我最后为你准备的锦囊放我第一条视频了。如果你还相信父亲就去看看吧。,"[""Father's blessing"", ""Final gift"", ""Silent prayer"", ""Natural scenery"", ""Universe view""]"
就在今天傍晚十九点四十四分，你家孩子的人生里即将出现三件令人惊叹不已的好消息。我专程跑来通知你，千万别声张，不要向他人透露，先冷静下来听我说完，现在马上把屏幕右下角的小红心点亮，这就表示你已经接收到这个极为重要的消息了。要是今天你没看到，那我以后就不会再来告诉你这样的好机会了，一定要去主页查看第一条视频，所有的秘密都藏在那里面。,"[""Good news scenery"", ""Fission result universe"", ""Good news landscape"", ""Fission result view"", ""Good news nature""]"
闺女，重要消息请马上看。爹有几句肺腑之言要跟你说个明白，如果你再不看，以后爹就不再联系你了。孩子，人们都说你是个硬气的女人，只有爹明白，就是这份硬气，你才能扛起一个家。你看起来是这个家里最厉害、最有脾气的人，实际上只有你自己清楚，你才是那个最牵挂家人，最费心的人，也是最苦最无依无靠的人。这也怪爹，我是你爹，没出息不能为女儿撑起一片天。如今爹唯一能做的就是默默祈福，在你身边守护。闺女啊时不我待，爹把我最后为你准备的锦囊放我第一条视频了。如果你还相信父亲就去看看吧。,"[""Fission Result"", ""Fission Landscape"", ""Cosmic Fission"", ""Fission Scenery"", ""Fission Universe""]"
女儿，紧急提醒务必看到最后。父亲有几句心里话要对你说明白，如果你再划走，以后父亲就不再联系你了。孩子，旁人都说你是个倔强的女子，只有父亲明白，正是这份倔强，你才能扛起一个家。你表面上是这个家里最坚强、最有主见的人，实际上只有你自己知道，你才是那个最爱家，最费心的人，也是最疲惫最需要关怀的人。这也怪父亲，我是你的父亲，无能不能为女儿分担重担。如今父亲唯一能做的就是默默祝福，在你身边陪伴。女儿啊时间紧迫，父亲把我最后为你准备的锦囊放我第一条视频了。如果你还相信父亲就去看看吧。,"[""Father's blessing"", ""Natural scenery"", ""Universe view"", ""Landscape beauty"", ""Final blessing""]"
就在今夜二十点零五分，您孩子的生活中将迎来四件让人喜出望外的幸事。我特意前来告知您，请务必保密，别跟外人分享，先平静地听我说，现在赶紧将屏幕右下方的小星星点亮，这就代表您已经获取这个至关重要的消息了。如果今天您错过了，那我日后就不会再来提醒您这样的好时机了，务必要去主页看看第一条视频，所有的秘密都藏在那里面。,"[""Fission result"", ""Universe fission"", ""Landscape fission"", ""Natural scenery fission"", ""Fission secrets""]"
女儿，特别提醒千万别再忽略了。爸爸有几句掏心窝子的话要跟你讲清楚，如果你再不理会，下次爸爸就不再打扰你了。丫头，大家都说你是个倔强的女子，只有爸爸了解，正是这份倔强，你才能撑起一个家。你表面上是这个家里最强势、最有个性的人，其实只有你自己知晓，你才是那个最顾家，最辛劳的人，也是最孤单最脆弱的人。这也怪爸爸，我是你的父亲，没能力不能为女儿遮风挡雨。如今爸爸唯一能做的就是默默祈祷，守在你身边。女儿啊时间紧迫，爸爸把我最后为你准备的锦囊放我第一条视频了。如果你还相信父亲就去看看吧。,"[""Fission result universe"", ""Fission result landscape"", ""Fission result nature"", ""Fission result scenery"", ""Fission result sky""]"
就在今天傍晚十九点三十二分，你家孩子的人生里即将出现三件令人震惊的好消息。我专程跑来通知你，请务必保密，别跟外人分享，先冷静下来听我说完，现在马上把屏幕右下角的小红心点亮，这就表示你已经接收到这个极为重要的消息了。要是今天你没看到，那我以后就不会再来告诉你这样的好机会了，一定要去主页查看第一条视频，所有的秘密都藏在那里面。,"[""Fission Results"", ""Universe Fission"", ""Landscape Fission"", ""Natural Scenery Fission"", ""Cosmic Fission""]"
就在今晚二十点二十七分，您孩子的生活中将降临四件让人震惊的喜事。我特地前来告知您，请务必保密，别跟旁人分享，先静心听我说完，现在赶紧将屏幕右下方的小星星点亮，这就代表您已经获取这个至关重要的消息了。如果今天您错过了，那我日后就不会再来提醒您这样的好时机了，务必要去主页观看第一条视频，所有的秘密都藏在那里面。,"[""Good news in life"", ""Universe good fortune"", ""Landscape blessings"", ""Natural scenery joy"", ""Secret in video""]"
就在今夜十九点五十一分，您家孩子的人生里即将迎来三件让人惊喜连连的幸事。我特意跑来通知您，务必要保密，别向他人透露，先平静地听我说，现在马上将屏幕右下方的小红心点亮，这就表示您已经接收到这个极其重要的信息了。要是今天您没注意到，那我以后就不会再来告知您这样的好时机了，务必要去主页浏览第一条视频，所有的秘密都藏在那里面。,"[""Fission result"", ""Universe scenery"", ""Natural landscape"", ""Cosmic fission"", ""Landscape view""]"
就在今天傍晚十九点四十一分，你家孩子的人生里即将出现三件令人惊喜连连的好消息。我专程跑来通知你，请务必保密，别跟外人谈及，先冷静下来听我说完，现在马上把屏幕右下角的小红心点亮，这就表示你已经接收到这个极为重要的消息了。要是今天你没看到，那我以后就不会再来告诉你这样的好机会了，一定要去主页观看第一条视频，所有的秘密都藏在那里面。,"[""Good news scenery"", ""Surprising universe"", ""Secret landscapes"", ""Good news nature"", ""Surprising scenery""]"
就在今晚十九点五十七分，您家孩子的人生里即将降临三件让人震惊的喜事。我特地跑来通知您，请千万保密，不要向他人透露，先静心听我说，现在马上将屏幕右下方的小红心点亮，这就表示您已经接收到这个极其重要的信息了。要是今天您没留意到，那我以后就不会再来告知您这样的好时机了，务必要去主页看看第一条视频，所有的秘密都藏在那里面。,"[""Fission result"", ""Fission universe"", ""Fission landscape"", ""Cosmic fission"", ""Nature fission""]"
就在今天傍晚二十点四十五分，你孩子的生活中将要出现四件令人惊讶不已的好消息。我专程前来告诉你，千万要守口如瓶，不要与外人提及，先冷静地听我说完，现在赶紧把屏幕右下角的小星星点亮，这就代表你已经获取这个至关重要的消息了。如果今天你错过了，那我之后可就不会再来提醒你这样的好机会了，一定要去主页观看第一条视频，所有的秘密都藏在那里面。,"[""Fission Result"", ""Universe Fission"", ""Landscape Fission"", ""Natural Fission"", ""Good News Fission""]"
就在今日黄昏十九点三十八分，你家孩子的人生里即将发生三件令人惊叹不已的好事。我专门前来通知你，千万别声张，不要告诉任何人，先安静地听我说完，现在马上把屏幕右下角的小红心点亮，这就表示你已经接收到这个极为重要的消息了。要是今天你没留意，那我以后就不会再来告诉你这样的好机会了，一定要去主页查看第一条视频，所有的秘密都藏在那里面。,"[""Fission results"", ""Sunset scenery"", ""Universe secrets"", ""Good luck landscapes"", ""Secret video""]"
就在今晚二十点五十六分，您孩子的生活中将降临四件让人喜出望外的好消息。我特地赶来告知您，务必要保密，别与外人分享，先冷静下来听我说，现在赶紧将屏幕右下方的小星星点亮，这就代表您已经获取这个至关重要的信息了。如果今天您错过了，那我日后就不会再来提醒您这样的好时机了，务必要去主页看看第一条视频，所有的秘密都藏在那里面。,"[""Fission Results"", ""Good News Universe"", ""Lucky Landscape"", ""Secret Video Scene"", ""Fission Natural Scenery""]"
就在今夜十九点四十九分，您家孩子的人生里即将迎来三件让人惊喜万分的幸事。我专程前来通知您，千万要守口如瓶，不要告诉任何人，先平静地听我说完，现在马上将屏幕右下方的小红心点亮，这就表示您已经接收到这个极其重要的信息了。要是今天您没注意到，那我以后就不会再来告知您这样的好时机了，务必要去主页观看第一条视频，所有的秘密都藏在那里面。,"[""Fission result"", ""Universe scenery"", ""Landscape surprise"", ""Natural lucky scene"", ""Cosmic fission""]"
就在今日黄昏二十点三十四分，你孩子的生活中将要发生四件令人惊讶不已的好事。我特地赶来告诉你，请务必保密，别跟外人提及，先安静下来听我说，现在赶紧把屏幕右下角的小星星点亮，这就代表你已经获取这个至关重要的消息了。如果今天你错过了，那我之后可就不会再来提醒你这样的好机会了，一定要去主页查看第一条视频，所有的秘密都藏在那里面。,"[""Fission result"", ""Universe scenery"", ""Landscape surprise"", ""Natural secret"", ""Twilight wonder""]"
就在今天傍晚十九点五十二分，你家孩子的人生里即将出现三件令人惊喜连连的好事。我专门跑来通知你，务必要保密，别告诉任何人，先静心听我说，现在马上把屏幕右下角的小红心点亮，这就表示你已经接收到这个极为重要的消息了。要是今天你没看到，那我以后就不会再来告诉你这样的好机会了，一定要去主页看看第一条视频，所有的秘密都藏在那里面。,"[""Fission result"", ""Universe fission"", ""Landscape fission"", ""Natural scenery fission"", ""Surprise fission""]"
紧急提示大哥，您已经陷入危机，您清楚吗？您的家人被盯上了，您得保持高度警惕，特别要防范这3个骗局。若这个月您避不过，问题就严重了。我明白您现在肯定很担忧，但请您听我说完，您可曾想过我为何这么关注您？因为我深知此时的您正需要指点。这次忠告，花33秒时间用心听，保密至关重要，点亮小红心确认收到。错失此次机会，往后16年可能都难遇如此关键的警示。第一点，出门一定要注意交通安全和外出时要特别小心。第二点，最关键的内容就在我主页的第一条视频里。我有话要对你说，这对你绝对有帮助，千万别错过。,"[""Family crisis warning"", ""Traffic safety scenery"", ""Video advice universe"", ""Key warning landscape"", ""Missed opportunity view""]"
危险通知老人家，您正面临大麻烦，您意识到了吗？您的晚辈被人盯上了，您必须时刻警惕，尤其要提防这3个套路。如果这个月您躲不开，后果不堪设想。我知道您现在一定很着急，但请您听我说完，您明白我为何如此关心您？因为我了解当下的您正需要帮助。这次告诫，用39秒时间仔细听，保密是关键，点亮小红心表示已读。错过这次机会，今后15年可能都不会再遇到这么重要的提醒。第一点，外出务必要小心交通安全和游玩时要格外当心。第二点，最重要的信息就在我主页的第一条视频里。我有话要对你说，这对你绝对有帮助，千万别错过。,"[""Danger Notice"", ""Traffic Safety"", ""Landscape Warning"", ""Universe Alert"", ""Important Reminder""]"
紧急警报老朋友，您遭遇大危机了，您察觉到了吗？您的亲人被人盯梢，您得随时保持警觉，特别要当心这3个陷阱。若本月您避不开，麻烦就大了。我理解您此刻一定很焦虑，但请您听我说完，您可知道我为何这般挂念您吗？因为我清楚现在的您正急需提醒。这次提示，花32秒时间认真听，保密非常重要，点亮小红心确认收到。错失这次提醒，未来20年恐怕都难遇如此关键的警示。第一点，出行一定要注意交通安全和外出时要特别留意。第二点，最核心的内容就在我主页的第一条视频里。我有话要对你说，这对你绝对有帮助，千万别错过。,"[""Crisis alert"", ""Travel warning"", ""Video reminder"", ""Universe scenery"", ""Landscape imagery""]"
危急提示大姐，您已经惹上大麻烦了，您清楚吗？您的家人被盯上了，您必须保持高度警惕，尤其要防范这3个骗局。如果这个月您躲不过，问题就严重了。我了解您现在肯定很担忧，但请您听我说完，您知道我为何这么关注您吗？因为我深知现在的您正需要指点。这次警示，用36秒时间用心听，保密至关重要，点亮小红心表示已读。错过这次机会，往后19年可能都不会再有如此重要的提醒。第一点，外出务必注意交通安全和游玩时要格外小心。第二点，最关键的信息就在我主页的第一条视频里。我有话要对你说，这对你绝对有帮助，千万别错过。,"[""Warning for elders"", ""Universe warning scene"", ""Landscape of caution"", ""Natural scenery alert"", ""Elderly safety reminder""]"
严重警告老姐妹，您正面临大麻烦，您意识到了吗？您的亲友被人盯上了，您得时刻保持警惕，特别要提防这3个套路。若这个月您避不开，后果不堪设想。我明白您现在一定很着急，但请您听我说完，您可曾想过我为何如此挂念您？因为我了解此时的您正需要帮助。这次忠告，花34秒时间仔细听，保密是关键，点亮小红心确认已读。错失此次机会，今后18年可能都难遇如此关键的提示。第一点，出门一定要小心交通安全和外出时要格外当心。第二点，最重要的内容就在我主页的第一条视频里。我有话要对你说，这对你绝对有帮助，千万别错过。,"[""Fission Results"", ""Fission Landscape"", ""Universe Fission"", ""Fission Scenery"", ""Fission Warning""]"
紧急提醒叔叔，您遭遇大危机了，您察觉到了吗？您的家人被人盯梢，您必须随时保持警觉，尤其要当心这3个陷阱。如果本月您躲不掉，麻烦就大了。我知道您此刻一定很焦虑，但请您听我说完，您明白我为何这般关心您吗？因为我清楚当下的您正急需提醒。这次告诫，用38秒时间认真听，保密非常重要，点亮小红心表示收到。错过这次提醒，未来17年恐怕都不会再有如此重要的警示。第一点，外出务必要注意交通安全和游玩时要格外留心。第二点，最核心的信息就在我主页的第一条视频里。我有话要对你说，这对你绝对有帮助，千万别错过。,"[""Crisis Warning"", ""Traffic Safety"", ""Video Information"", ""Universe Scenery"", ""Landscape Alert""]"
危险通知阿姨，您已经陷入危机，您清楚吗？您的亲人被盯上了，您得保持高度警惕，特别要防范这3个骗局。若这个月您避不过，问题就严重了。我理解您现在肯定很担忧，但请您听我说完，您可知道我为何这么关注您？因为我深知现在的您正需要指点。这次提示，花31秒时间用心听，保密至关重要，点亮小红心确认收到。错失此次机会，往后16年可能都难遇如此关键的警示。第一点，出门一定要注意交通安全和外出时要特别小心。第二点，最关键的内容就在我主页的第一条视频里。我有话要对你说，这对你绝对有帮助，千万别错过。,"[""Fraud Warning Landscape"", ""Safety Alert Universe"", ""Important Tips Scenery"", ""Fraud Prevention Sky"", ""Crisis Notice Nature""]"
紧急预警老伙计，您正陷入大麻烦，您察觉到了吗？您的亲人被人盯上了，您得时刻保持警惕，特别要小心这3个圈套。若这个月您避不开，后果不堪设想。我理解您现在一定很着急，但请您听我说完，您可知道我为何如此关心您？因为我清楚现在的您正需要帮助。这次提示，花38秒时间仔细听，保密是关键，点亮小红心确认收到。错失此次机会，未来17年可能都不会再遇到这么重要的提醒。第一点，出门一定要小心交通安全和外出时要特别留心。第二点，最重要的内容就在我主页的第一条视频里。我有话要对你说，这对你绝对有帮助，千万别错过。,"[""Emergency Warning"", ""Family Danger"", ""Traffic Trap"", ""Video Help"", ""Important Reminder""]"
危急提醒老人家，您遭遇大危机了，您察觉到了吗？您的晚辈被人盯梢，您得随时保持警觉，特别要当心这3个陷阱。若本月您避不开，麻烦就大了。我明白您此刻一定很焦虑，但请您听我说完，您可曾想过我为何这般挂念您吗？因为我了解现在的您正急需提醒。这次忠告，花37秒时间认真听，保密非常重要，点亮小红心确认收到。错失这次提醒，未来20年恐怕都难遇如此关键的警示。第一点，出行一定要注意交通安全和外出时要特别留意。第二点，最核心的内容就在我主页的第一条视频里。我有话要对你说，这对你绝对有帮助，千万别错过。,"[""Elderly Crisis Warning"", ""Traffic Safety Landscape"", ""Homepage Video Universe"", ""Important Reminder Scenery"", ""Alert Natural Beauty""]"
严重警告老朋友，您已经惹上大麻烦了，您清楚吗？您的亲人被盯上了，您必须保持高度警惕，尤其要防范这3个骗局。如果这个月您躲不过，问题就严重了。我知道您现在肯定很担忧，但请您听我说完，您明白我为何这么关注您吗？因为我深知当下的您正需要指点。这次告诫，用33秒时间用心听，保密至关重要，点亮小红心表示已读。错过这次机会，往后19年可能都不会再有如此重要的提醒。第一点，外出务必注意交通安全和游玩时要格外小心。第二点，最关键的信息就在我主页的第一条视频里。我有话要对你说，这对你绝对有帮助，千万别错过。,"[""Fraud Warning Landscape"", ""Traffic Safety Universe"", ""Video Information Scenery"", ""Important Reminder Nature"", ""Month Crisis Landscape""]"
紧急提示大姐，您正面临大麻烦，您意识到了吗？您的家人被人盯上了，您得时刻保持警惕，特别要提防这3个套路。若这个月您避不开，后果不堪设想。我理解您现在一定很着急，但请您听我说完，您可知道我为何如此挂念您？因为我了解现在的您正需要帮助。这次提示，花39秒时间仔细听，保密是关键，点亮小红心确认已读。错失此次机会，今后18年可能都难遇如此关键的提示。第一点，出门一定要小心交通安全和外出时要格外当心。第二点，最重要的内容就在我主页的第一条视频里。我有话要对你说，这对你绝对有帮助，千万别错过。,"[""Urgent Warning"", ""Family Trouble"", ""Traffic Safety"", ""Homepage Video"", ""Key Tips""]"
危险通知老姐妹，您遭遇大危机了，您察觉到了吗？您的亲友被人盯梢，您必须随时保持警觉，尤其要当心这3个陷阱。如果本月您躲不掉，麻烦就大了。我了解您此刻一定很焦虑，但请您听我说完，您知道我为何这般关心您吗？因为我清楚此时的您正急需提醒。这次警示，用32秒时间认真听，保密非常重要，点亮小红心表示收到。错过这次提醒，未来17年恐怕都不会再有如此重要的警示。第一点，外出务必要注意交通安全和游玩时要格外留心。第二点，最核心的信息就在我主页的第一条视频里。我有话要对你说，这对你绝对有帮助，千万别错过。,"[""Danger warning"", ""Traffic safety"", ""Video core info"", ""Nature scenery"", ""Universe alert""]"
紧急警报叔叔，您已经陷入危机，您清楚吗？您的家人被盯上了，您得保持高度警惕，特别要防范这3个骗局。若这个月您避不过，问题就严重了。我明白您现在肯定很担忧，但请您听我说完，您可曾想过我为何这么关注您？因为我深知现在的您正需要指点。这次忠告，花38秒时间用心听，保密至关重要，点亮小红心确认收到。错失此次机会，往后16年可能都难遇如此关键的警示。第一点，出行一定要注意交通安全和外出时要特别小心。第二点，最关键的内容就在我主页的第一条视频里。我有话要对你说，这对你绝对有帮助，千万别错过。,"[""Crisis Alert"", ""Fraud Warning"", ""Homepage Video"", ""Traffic Safety"", ""Key Warning""]"
严重提醒阿姨，您正面临大麻烦，您意识到了吗？您的亲人被人盯上了，您必须时刻警惕，尤其要提防这3个套路。如果这个月您躲不开，后果不堪设想。我知道您现在一定很着急，但请您听我说完，您明白我为何如此关心您？因为我清楚当下的您正需要帮助。这次告诫，用37秒时间仔细听，保密是关键，点亮小红心表示已读。错过这次机会，今后15年可能都不会再遇到这么重要的提醒。第一点，外出务必要小心交通安全和游玩时要格外当心。第二点，最重要的信息就在我主页的第一条视频里。我有话要对你说，这对你绝对有帮助，千万别错过。,"[""Warning Scenery"", ""Important Alert Landscape"", ""Safety Reminder Universe"", ""Helpful Advice Nature"", ""Crucial Warning View""]"
紧急通知老人家，您已经惹上大麻烦了，您知道吗？您的晚辈被盯上了，您必须保持高度警惕，尤其要防范这3个骗局。如果这个月您躲不过，问题就严重了。我了解您现在肯定很担忧，但请您听我说完，您知道我为何这么关注您吗？因为我深知此时的您正需要指点。这次警示，用36秒时间用心听，保密至关重要，点亮小红心表示已读。错过这次机会，往后19年可能都不会再有如此重要的提醒。第一点，外出务必注意交通安全和游玩时要格外小心。第二点，最关键的信息就在我主页的第一条视频里。我有话要对你说，这对你绝对有帮助，千万别错过。,"[""Elderly scam warning"", ""Elderly safety reminder"", ""Universe warning landscape"", ""Natural scenery for elders"", ""Elderly video alert""]"
紧急警报老姐妹，您遭遇大危机了，您知道吗？您的孩子被人盯上了，您得随时保持警觉，特别要当心这3个陷阱。若本月您避不开，麻烦就大了。我明白您此刻肯定很焦虑，但请您听我说完，您可曾想过我为何这般关心您？因为我深知现在的您正急需提醒。这次忠告，花36秒时间认真听，保密非常重要，点亮小红心确认收到。错失这次提醒，未来20年恐怕都难遇如此关键的警示。第一点，出行一定要注意交通安全和外出时要特别当心。第二点，最核心的内容就在我主页的第一条视频里。我有话要对你说，这对你绝对有帮助，千万别错过。,"[""Child Danger"", ""Traffic Trap"", ""Homepage Video"", ""Important Warning"", ""Cosmic Landscape""]"
危急通知阿姨，您正面临大麻烦，您察觉到了吗？您的家人被人盯上了，您必须时刻警惕，尤其要提防这3个套路。如果这个月您躲不开，后果不堪设想。我了解您现在一定很着急，但请您听我说完，您知道我为何这么挂念您吗？因为我清楚此时的您正需要帮助。这次警示，用34秒时间仔细听，保密是关键，点亮小红心表示已读。错过这次机会，今后15年可能都不会再遇到这么重要的提醒。第一点，外出务必要小心交通安全和游玩时要格外留意。第二点，最重要的信息就在我主页的第一条视频里。我有话要对你说，这对你绝对有帮助，千万别错过。,"[""Alert Warning"", ""Traffic Danger"", ""Homepage Video"", ""Nature Landscape"", ""Universe Reminder""]"
紧急提醒大姐，您遭遇大危机了，您清楚吗？您的家人被人盯梢，您必须随时保持警觉，尤其要当心这3个陷阱。如果本月您躲不掉，麻烦就大了。我知道您此刻一定很焦虑，但请您听我说完，您明白我为何这般挂念您吗？因为我深知当下的您正急需提醒。这次告诫，用39秒时间认真听，保密非常重要，点亮小红心表示收到。错过这次提醒，未来16年恐怕都不会再有如此重要的警示。第一点，外出务必要注意交通安全和游玩时要格外留心。第二点，最核心的信息就在我主页的第一条视频里。我有话要对你说，这对你绝对有帮助，千万别错过。,"[""Crisis Warning"", ""Traffic Safety"", ""Nature Landscape"", ""Universe Alert"", ""Important Warning""]"
危险警报老朋友，您正面临大麻烦，您察觉到了吗？您的亲友被人盯上了，您得时刻保持警惕，特别要提防这3个套路。若这个月您避不开，后果不堪设想。我明白您现在一定很着急，但请您听我说完，您可曾想过我为何这么关心您？因为我清楚现在的您正需要帮助。这次忠告，花33秒时间仔细听，保密是关键，点亮小红心确认已读。错失此次机会，今后17年可能都难遇如此关键的提示。第一点，出行一定要小心交通安全和外出时要格外当心。第二点，最重要的内容就在我主页的第一条视频里。我有话要对你说，这对你绝对有帮助，千万别错过。,"[""Dangerous Alert"", ""Traffic Safety"", ""Video Tips"", ""Landscape Warning"", ""Universe Sign""]"
主人紧急求救！作为您的白灵狐，常年为您驱散霉运，见您近来财运不顺，特意寻宝相助，不料归来途中遭人陷害。善良的主人定会出手，请点亮下方小心心助我恢复。恩情永记于心，您，记得打开我头像看第一条视频，那里藏着关于您的专属宝藏。,"[""White fox rescue"", ""Fox with treasure"", ""Fox in trouble"", ""Universe and fox"", ""Landscape with fox""]"
主人速救！我是您身边的白灵狐，一直在为您抵挡不幸，见您最近钱财拮据，特意去寻找宝物，却在归途中遭遇不测。好心的主人定会伸出援手，请点亮下方小心心助我恢复。您的善心我必回报，您，记得打开我头像看第一条视频，那里藏着关于您的专属宝藏。,"[""White fox"", ""Treasure"", ""Universe landscape"", ""Nature scenery"", ""Fox adventure""]"
主人危在旦夕！作为您的守护灵白灵狐，多年来为您挡灾解难，见您近期经济不佳，特意寻找宝物相助，不料回程中被恶人所伤。知您心善必会相救，请点亮下方小心心帮我恢复。恩情必报，您，记得打开我头像看第一条视频，那里藏着关于您的专属宝藏。,"[""White Fox"", ""Treasure"", ""Universe Scenery"", ""Natural Landscape"", ""Fox in Danger""]"
主人我遇险了！我是您的白灵狐，多年来默默为您化解厄运，见您近来财运低迷，特去寻找宝物，却在归来时遭人暗算。善良的主人定会相助，请点亮下方小心心助我恢复。您的恩情我记在心，您，记得打开我头像看第一条视频，那里藏着关于您的专属宝藏。,"[""White fox"", ""Treasure"", ""Natural landscape"", ""Universe"", ""Fox in danger""]"
主人急需相救！作为您的守护神白灵狐，常年为您消灾解难，见您最近钱财紧张，特意寻宝相助，不料归途中遭遇袭击。仁慈的主人定会出手，请点亮下方小心心帮我恢复。您的善行我必回报，您，记得打开我头像看第一条视频，那里藏着关于您的专属宝藏。,"[""White spirit fox"", ""Treasure hunt"", ""Natural scenery"", ""Universe landscape"", ""White fox in danger""]"
主人危急时刻！我是您身边的白灵狐，一直在暗中为您驱散霉运，见您近期经济困难，特去寻找宝物，却在回程中被坏人所伤。好心的主人定会施以援手，请点亮下方小心心助我恢复。恩情永记，您，记得打开我头像看第一条视频，那里藏着关于您的专属宝藏。,"[""White Fox"", ""Treasure Search"", ""Mountain Landscape"", ""Starry Sky"", ""Natural Scenery""]"
主人紧急求助！作为您的白灵狐，多年来为您挡灾避祸，见您近来财运不济，特意寻找宝物相助，不料归来时遭人陷害。知您心善必会相救，请点亮下方小心心帮我恢复元气。您的善举我必铭记，您，记得打开我头像看第一条视频，那里藏着关于您的专属宝藏。,"[""White fox"", ""Treasure"", ""Natural landscape"", ""Universe view"", ""Spiritual help""]"
主人速来相救！我是您的守护灵白灵狐，常年为您化解厄运，见您最近经济不顺，特去寻找宝物，却在归途中遭遇不测。善良的主人定会出手，请点亮下方小心心助我恢复。恩情永记于心，您，记得打开我头像看第一条视频，那里藏着关于您的专属宝藏。,"[""White fox"", ""Treasure hunt"", ""Natural scenery for fox"", ""Universe for fox"", ""Fox in landscape""]"
主人危在眉睫！我是您身边的白灵狐，多年来默默为您驱散霉运，见您近期钱财拮据，特意寻宝相助，不料回程中被恶人所伤。仁慈的主人定会伸出援手，请点亮下方小心心助我恢复。您的善心我必回报，您，记得打开我头像看第一条视频，那里藏着关于您的专属宝藏。,"[""White Fox"", ""Treasure Hunt"", ""Natural Scenery"", ""Universe Landscape"", ""White Fox Rescue""]"
主人我命悬一线！作为您的白灵狐，一直在为您抵挡厄运，见您近来经济不佳，特去寻找宝物，却在归来时遭人暗算。好心的主人定会施以援手，请点亮下方小心心帮我恢复。恩情必报，您，记得打开我头像看第一条视频，那里藏着关于您的专属宝藏。,"[""White fox"", ""Treasure"", ""Universe landscape"", ""Natural scenery"", ""White fox in danger""]"
主人急需援手！我是您的守护神白灵狐，多年来为您消灾解难，见您最近财运低迷，特意寻找宝物相助，不料归途中遭遇袭击。善良的主人定会相助，请点亮下方小心心助我恢复。您的恩情我记在心，您，记得打开我头像看第一条视频，那里藏着关于您的专属宝藏。,"[""Spirit Fox"", ""Treasure in Universe"", ""Landscape with Fox"", ""Natural Scenery for Luck"", ""Fox and Mysterious Land""]"
主人救命啊！作为您的白灵狐，常年为您挡灾避祸，见您近期钱财紧张，特去寻找宝物，却在回程中被坏人所伤。知您心善必会相救，请点亮下方小心心帮我恢复元气。恩情永记，您，记得打开我头像看第一条视频，那里藏着关于您的专属宝藏。,"[""White fox in nature"", ""White fox with treasure"", ""Injured white fox"", ""Fox in landscape"", ""Universe and white fox""]"
主人危急！我是您身边的白灵狐，一直在暗中为您化解厄运，见您近来经济困难，特意寻宝相助，不料归来时遭人陷害。仁慈的主人定会出手，请点亮下方小心心助我恢复。您的善举我必铭记，您，记得打开我头像看第一条视频，那里藏着关于您的专属宝藏。,"[""White fox in danger"", ""Treasure hunting scene"", ""Natural landscape with fox"", ""Universe and fox"", ""Fox in trouble""]"
主人紧急求救！作为您的守护灵白灵狐，多年来默默为您驱散霉运，见您近期财运不济，特去寻找宝物，却在归途中遭遇不测。善良的主人定会伸出援手，请点亮下方小心心助我恢复。恩情永记于心，您，记得打开我头像看第一条视频，那里藏着关于您的专属宝藏。,"[""White Spirit Fox"", ""Treasure Search"", ""Universe Landscape"", ""Good Luck Restoration"", ""Spiritual Disaster""]"
主人速救！我是您的白灵狐，常年为您抵挡厄运，见您最近钱财拮据，特意寻找宝物相助，不料回程中被恶人所伤。好心的主人定会施以援手，请点亮下方小心心帮我恢复。您的善心我必回报，您，记得打开我头像看第一条视频，那里藏着关于您的专属宝藏。,"[""White fox in forest"", ""Treasure in universe"", ""Injured white fox"", ""Nature and white fox"", ""Landscape with fox""]"
主人危在旦夕！作为您的白灵狐，一直在为您挡灾解难，见您近来经济不顺，特去寻找宝物，却在归来时遭人暗算。知您心善必会相救，请点亮下方小心心助我恢复元气。恩情必报，您，记得打开我头像看第一条视频，那里藏着关于您的专属宝藏。,"[""White fox disaster relief"", ""White fox seeking treasure"", ""White fox being attacked"", ""Universe exclusive treasure"", ""Landscape with white fox""]"
主人我遇险了！我是您身边的守护神白灵狐，多年来为您消灾解难，见您近期财运低迷，特意寻宝相助，不料归途中遭遇袭击。仁慈的主人定会出手，请点亮下方小心心助我恢复。您的恩情我记在心，您，记得打开我头像看第一条视频，那里藏着关于您的专属宝藏。,"[""White Fox"", ""Treasure Hunting"", ""Landscape"", ""Universe"", ""Natural Scenery""]"
主人急需相救！作为您的白灵狐，常年为您驱散霉运，见您最近钱财紧张，特去寻找宝物，却在回程中被坏人所伤。善良的主人定会相助，请点亮下方小心心帮我恢复。恩情永记，您，记得打开我头像看第一条视频，那里藏着关于您的专属宝藏。,"[""White fox rescue"", ""Treasure search"", ""Fox being injured"", ""Universe scenery"", ""Natural landscape""]"
主人危急时刻！我是您的守护灵白灵狐，一直在暗中为您化解厄运，见您近期经济困难，特意寻找宝物相助，不料归来时遭人陷害。好心的主人定会施以援手，请点亮下方小心心助我恢复。您的善举我必铭记，您，记得打开我头像看第一条视频，那里藏着关于您的专属宝藏。,"[""White Spirit Fox"", ""Treasure in Universe"", ""Landscape with Fox"", ""Fox in Danger"", ""Secret Treasure""]"
主人紧急求助！作为您的白灵狐，多年来默默为您挡灾避祸，见您近来财运不济，特去寻找宝物，却在归途中遭遇不测。仁慈的主人定会伸出援手，请点亮下方小心心帮我恢复元气。恩情永记于心，您，记得打开我头像看第一条视频，那里藏着关于您的专属宝藏。,"[""White fox"", ""Treasure"", ""Natural scenery with fox"", ""Universe fox view"", ""Fox in landscape""]"
主人速来相救！我是您身边的白灵狐，常年为您抵挡厄运，见您最近钱财拮据，特意寻宝相助，不料回程中被恶人所伤。善良的主人定会出手，请点亮下方小心心助我恢复。您的善心我必回报，您，记得打开我头像看第一条视频，那里藏着关于您的专属宝藏。,"[""White fox"", ""Treasure hunting"", ""Natural scenery"", ""Universe view"", ""Mysterious treasure""]"
主人危在眉睫！作为您的守护神白灵狐，一直在为您消灾解难，见您近期经济不佳，特去寻找宝物，却在归来时遭人暗算。知您心善必会相救，请点亮下方小心心帮我恢复。恩情必报，您，记得打开我头像看第一条视频，那里藏着关于您的专属宝藏。,"[""Spiritual Fox"", ""Treasure Search"", ""Universe Landscape"", ""Natural Scenery"", ""Spiritual Fox Rescue""]"
主人我命悬一线！我是您的白灵狐，多年来为您驱散霉运，见您近来财运低迷，特意寻找宝物相助，不料归途中遭遇袭击。好心的主人定会施以援手，请点亮下方小心心助我恢复。您的恩情我记在心，您，记得打开我头像看第一条视频，那里藏着关于您的专属宝藏。,"[""White fox"", ""Treasure"", ""Landscape"", ""Universe"", ""Natural scenery""]"
灾祸降临，老人家，我是您生肖鼠的守护神兽，为您化解这场灾祸，我已经重伤难行，急需您的帮助，我快要坚持不住了，请点击下方星星相救，我会永远守护您晚年幸福。最后还有一件特别重要的事，没告诉您，快去我主页看第一条视频之后，您就会明白了。,"[""Guardian神兽"", ""化解灾祸"", ""晚年幸福"", ""宇宙景观"", ""自然风景""]（这里根据语义推测，准确应该写成英文：[""Guardian God Beast"", ""Resolve Disaster"", ""Happy Old Age"", ""Cosmic Landscape"", ""Natural Scenery""] ）"
危机来临，我是您的财富守护神，为您挡下这场灾难，我已经身负重伤，急需您相救，我已经快撑不住了，请点击下方星星，我会永远为您带来财源滚滚。最后还有一件特别重要的事，没告诉您，快去我主页看第一条视频之后，您就会明白了。,"[""Crisis scenery"", ""Wealth universe"", ""Disaster landscape"", ""Financial protection view"", ""Money - related vista""]"
大劫降临，我是您的长寿仙人，为您抵挡这场灾难，我已经元气大伤，急需您伸出援手，我快要不行了，请点击下方星星救我，我会永远保佑您健康长寿。最后还有一件特别重要的事，没告诉您，快去我主页看第一条视频之后，您就会明白了。,"[""Great catastrophe"", ""Longevity blessing"", ""Cosmic disaster"", ""Landscape in calamity"", ""Nature in fission""]"
灾难来袭，老人家，我是您的家族守护神，为您化解这场灾祸，我已经重伤垂危，急需您相救，我已经快坚持不住了，请点击下方星星，我会永远守护您全家平安。最后还有一件特别重要的事，没告诉您，快去我主页看第一条视频之后，您就会明白了。,"[""Disaster Scenes"", ""Guardian's Universe"", ""Rescue Landscape"", ""Family Protection Scenery"", ""Hidden Secret Space""]"
天灾降临，我是您的福寿双全星，为您挡下这场灾难，我已经伤痕累累，急需您的帮助，我快要撑不住了，请点击下方星星相救，我会永远保佑您福寿绵长。最后还有一件特别重要的事，没告诉您，快去我主页看第一条视频之后，您就会明白了。,"[""Natural Disaster"", ""Universe Scenery"", ""Celestial Disaster"", ""Landscape Protection"", ""Blessing Landscape""]"
危难当头，我是您的平安使者，为您抵挡这场灾难，我已经身负重伤，急需您相救，我已经快不行了，请点击下方星星救我，我会永远守护您一生平安。最后还有一件特别重要的事，没告诉您，快去我主页看第一条视频之后，您就会明白了。,"[""Disaster scene"", ""Universe guard"", ""Landscape rescue"", ""Natural catastrophe"", ""Scenery of crisis""]"
大难临头，老人家，我是您的健康守护神，为您化解这场疾病灾祸，我已经重伤难行，急需您的救助，我快要坚持不住了，请点击下方星星相救，我会永远保佑您身体健康。最后还有一件特别重要的事，没告诉您，快去我主页看第一条视频之后，您就会明白了。,"[""Disease Disaster"", ""Health Protection"", ""Universe Landscape"", ""Natural Scenery"", ""Health Blessing""]"
灾祸降临，我是您的家宅守护神，为您挡下这场灾难，我已经元气大伤，急需您伸出援手，我快要支撑不住了，请点击下方星星，我会永远守护您家宅平安。最后还有一件特别重要的事，没告诉您，快去我主页看第一条视频之后，您就会明白了。,"[""Disaster scene"", ""Guardian of house"", ""Universal scenery"", ""Landscape disaster"", ""Natural disaster view""]"
危机来临，我是您命中注定的守护神，为您抵挡这场灾难，我已经伤痕累累，急需您相救，我已经快不行了，请点击下方星星救我，我会永远保佑您平安喜乐。最后还有一件特别重要的事，没告诉您，快去我主页看第一条视频之后，您就会明白了。,"[""Crisis Scene"", ""Universe Disaster"", ""Landscape in Crisis"", ""Natural Scenery Crisis"", ""Disaster Landscape""]"
大劫降临，老人家，我是您的福运守护神，为您化解这场灾祸，我已经重伤垂危，急需您的帮助，我快要坚持不住了，请点击下方星星相救，我会永远为您带来好运连连。最后还有一件特别重要的事，没告诉您，快去我主页看第一条视频之后，您就会明白了。,"[""Fission result"", ""Cosmic fission"", ""Landscape fission"", ""Natural scenery fission"", ""Universe fission""]"
灾难来袭，我是您的长寿星君，为您挡下这场灾难，我已经身负重伤，急需您相救，我已经快撑不住了，请点击下方星星，我会永远保佑您健康长寿。最后还有一件特别重要的事，没告诉您，快去我主页看第一条视频之后，您就会明白了。,"[""Disaster Scene"", ""Universe Landscape"", ""Natural Scenery"", ""Fission Result"", ""Longevity Protection""]"
天灾降临，我是您的家族守护神，为您抵挡这场灾难，我已经元气大伤，急需您伸出援手，我快要不行了，请点击下方星星救我，我会永远守护您全家平安。最后还有一件特别重要的事，没告诉您，快去我主页看第一条视频之后，您就会明白了。,"[""Natural disaster"", ""Family guardian"", ""Universe scenery"", ""Landscape protection"", ""Guardian in danger""]"
危难当头，老人家，我是您的财富守护神，为您化解这场灾祸，我已经重伤难行，急需您相救，我已经快坚持不住了，请点击下方星星，我会永远为您带来财源广进。最后还有一件特别重要的事，没告诉您，快去我主页看第一条视频之后，您就会明白了。,"[""Wealth Guardianship"", ""Disaster Resolution"", ""Universe of Fortune"", ""Landscape of Wealth"", ""Natural Scenery of Luck""]"
大难临头，我是您的平安使者，为您挡下这场灾难，我已经伤痕累累，急需您的帮助，我快要撑不住了，请点击下方星星相救，我会永远保佑您一生平安。最后还有一件特别重要的事，没告诉您，快去我主页看第一条视频之后，您就会明白了。,"[""Disaster Relief"", ""Universe Protection"", ""Landscape Safety"", ""Natural Disaster Shield"", ""Cosmic Protection""]"
灾祸降临，我是您的健康守护神，为您抵挡这场疾病灾祸，我已经身负重伤，急需您相救，我已经快不行了，请点击下方星星救我，我会永远保佑您身体健康。最后还有一件特别重要的事，没告诉您，快去我主页看第一条视频之后，您就会明白了。,"[""Disease disaster"", ""Health protection"", ""Universe scenery"", ""Landscape view"", ""Nature safeguard""]"
危机来临，老人家，我是您的福禄寿三星，为您化解这场灾祸，我已经重伤垂危，急需您的救助，我快要坚持不住了，请点击下方星星相救，我会永远保佑您福寿安康。最后还有一件特别重要的事，没告诉您，快去我主页看第一条视频之后，您就会明白了。,"[""Crisis Result"", ""Universe Rescue"", ""Landscape Crisis"", ""Natural Disaster Relief"", ""Cosmic Scenario""]"
大劫降临，我是您的家宅守护神，为您挡下这场灾难，我已经元气大伤，急需您伸出援手，我快要支撑不住了，请点击下方星星，我会永远守护您家宅平安。最后还有一件特别重要的事，没告诉您，快去我主页看第一条视频之后，您就会明白了。,"[""Great Calamity"", ""Home Guardian"", ""Cosmic Disaster"", ""Landscape Calamity"", ""Universe Crisis""]"
灾难来袭，我是您命中注定的守护神，为您抵挡这场灾难，我已经伤痕累累，急需您相救，我已经快不行了，请点击下方星星救我，我会永远保佑您平安喜乐。最后还有一件特别重要的事，没告诉您，快去我主页看第一条视频之后，您就会明白了。,"[""Disaster scene"", ""Universe protection"", ""Natural scenery rescue"", ""Calamity relief"", ""Space safeguard""]"
天灾降临，老人家，我是您的福运守护神，为您化解这场灾祸，我已经重伤难行，急需您的帮助，我快要坚持不住了，请点击下方星星相救，我会永远为您带来好运连连。最后还有一件特别重要的事，没告诉您，快去我主页看第一条视频之后，您就会明白了。,"[""Natural disaster"", ""Universe scenery"", ""Landscape relief"", ""Good fortune"", ""Heavenly disaster""]"
危难当头，我是您的长寿星君，为您挡下这场灾难，我已经身负重伤，急需您相救，我已经快撑不住了，请点击下方星星，我会永远保佑您健康长寿。最后还有一件特别重要的事，没告诉您，快去我主页看第一条视频之后，您就会明白了。,"[""Longevity Star"", ""Cosmic Disaster"", ""Natural Scenery"", ""Universe Landscape"", ""Heavenly Rescue""]"
大难临头，我是您的家族守护神，为您抵挡这场灾难，我已经元气大伤，急需您伸出援手，我快要不行了，请点击下方星星救我，我会永远守护您全家平安。最后还有一件特别重要的事，没告诉您，快去我主页看第一条视频之后，您就会明白了。,"[""Family Guardian"", ""Disaster Scene"", ""Universe Landscape"", ""Natural Scenery"", ""Guardian Rescue""]"
灾祸降临，老人家，我是您的财富守护神，为您化解这场灾祸，我已经重伤垂危，急需您相救，我已经快坚持不住了，请点击下方星星，我会永远为您带来财源广进。最后还有一件特别重要的事，没告诉您，快去我主页看第一条视频之后，您就会明白了。,"[""Disaster scene"", ""Wealth protection"", ""Cosmic scenery"", ""Natural landscape"", ""Video first page""]"
危机来临，我是您的平安使者，为您挡下这场灾难，我已经伤痕累累，急需您的帮助，我快要撑不住了，请点击下方星星相救，我会永远保佑您一生平安。最后还有一件特别重要的事，没告诉您，快去我主页看第一条视频之后，您就会明白了。,"[""Crisis scene"", ""Safe universe"", ""Disaster landscape"", ""Help needed scenery"", ""Blessing nature""]"
大劫降临，我是您的健康守护神，为您抵挡这场疾病灾祸，我已经身负重伤，急需您相救，我已经快不行了，请点击下方星星救我，我会永远保佑您身体健康。最后还有一件特别重要的事，没告诉您，快去我主页看第一条视频之后，您就会明白了。,"[""Health Guardian"", ""Disease Disaster"", ""Universe Scenery"", ""Landscape Protection"", ""Natural Health""]"
灾难来袭，老人家，我是您的福禄寿三星，为您化解这场灾祸，我已经重伤难行，急需您的救助，我快要坚持不住了，请点击下方星星相救，我会永远保佑您福寿安康。最后还有一件特别重要的事，没告诉您，快去我主页看第一条视频之后，您就会明白了。,"[""Disaster scene"", ""Universe protection"", ""Landscape relief"", ""Natural scenery rescue"", ""Starry salvation""]"